Date,Product,Quantity,Price,Customer
2023-06-01,Product_7,2,68.77240439107089,Customer_17
2023-05-28,Product_9,2,99.09053290514818,Customer_38
2023-01-25,Product_6,8,14.62697762728057,Customer_40
2023-01-05,Product_2,3,45.67808380466879,Customer_56
2023-07-19,Product_10,10,68.1466493045179,Customer_16
2023-01-23,Product_8,9,33.77644692950156,Customer_59
2023-08-13,Product_5,8,49.001180014257905,Customer_71
2023-05-19,Product_5,8,97.71494898167195,Customer_96
2023-11-08,Product_1,6,38.48859334773819,Customer_81
2023-10-26,Product_6,10,28.854548949069365,Customer_67
2023-08-03,Product_10,1,22.049883353448365,Customer_86
2023-12-19,Product_8,1,54.22505619032098,Customer_64
2023-05-12,Product_9,4,67.56284850780203,Customer_10
2023-04-07,Product_8,9,94.77501313201513,Customer_62
2023-04-11,Product_7,9,54.81016668950141,Customer_93
2023-04-24,Product_9,10,43.26729472662347,Customer_81
2023-06-20,Product_8,2,46.97469187316867,Customer_27
2023-07-09,Product_8,6,60.198905183722516,Customer_71
2023-09-14,Product_4,8,68.71523435471252,Customer_2
2023-11-23,Product_9,3,48.514528678211015,Customer_73
2023-01-23,Product_3,7,34.80160714502246,Customer_64
2023-12-27,Product_2,4,84.60250562476759,Customer_78
2023-04-26,Product_10,6,72.38382451625405,Customer_32
2023-06-21,Product_6,8,73.82950526550515,Customer_10
2023-06-03,Product_1,5,30.326935144131497,Customer_35
2023-11-15,Product_7,8,92.93574199428986,Customer_24
2023-01-01,Product_8,6,36.216151417531286,Customer_50
2023-07-22,Product_4,3,58.54429211151667,Customer_27
2023-04-07,Product_6,4,32.335585970922544,Customer_19
2023-09-27,Product_3,5,69.82390585413597,Customer_81
2023-06-26,Product_9,9,35.53127147348993,Customer_77
2023-07-05,Product_5,3,77.47886633287334,Customer_15
2023-11-11,Product_3,5,91.07834928814634,Customer_43
2023-07-09,Product_5,7,13.77780036084774,Customer_88
2023-06-08,Product_5,8,94.45287424036782,Customer_78
2023-10-28,Product_7,5,30.558854085273563,Customer_48
2023-01-01,Product_7,1,91.04911484277042,Customer_74
2023-08-03,Product_3,5,82.86890386452033,Customer_36
2023-07-17,Product_6,3,72.82725582803663,Customer_94
2023-10-08,Product_10,8,77.43327112042124,Customer_18
2023-05-08,Product_8,10,32.52776515643248,Customer_1
2023-10-12,Product_2,6,88.74432677157559,Customer_72
2023-02-22,Product_3,7,91.39856621685348,Customer_90
2023-04-26,Product_10,3,79.23536350541198,Customer_17
2023-05-24,Product_8,7,21.39777786876092,Customer_95
2023-02-19,Product_8,2,35.067857407568646,Customer_14
2023-08-17,Product_5,1,34.99634811247334,Customer_36
2023-07-10,Product_1,5,17.121541464523638,Customer_82
2023-03-11,Product_9,4,10.492844360452622,Customer_54
2023-01-17,Product_7,4,47.40918725988267,Customer_99
2023-02-24,Product_2,8,96.0332489399644,Customer_17
2023-10-26,Product_1,2,99.60951590854843,Customer_51
2023-02-28,Product_3,10,38.01000100555053,Customer_82
2023-07-10,Product_3,10,31.66567674256988,Customer_48
2023-02-27,Product_9,4,22.51861806483783,Customer_69
2023-01-15,Product_5,2,13.714055762957782,Customer_22
2023-02-26,Product_8,5,84.05881454185419,Customer_18
2023-06-26,Product_8,2,54.5968710299793,Customer_50
2023-09-23,Product_3,6,85.31354934177803,Customer_15
2023-06-16,Product_10,5,99.28366152767691,Customer_87
2023-03-13,Product_2,4,64.69111313690021,Customer_81
2023-09-14,Product_3,6,87.50784394631557,Customer_98
2023-05-05,Product_8,6,33.20200462788408,Customer_30
2023-05-15,Product_6,6,67.80401031076238,Customer_91
2023-11-03,Product_7,8,17.351869834737293,Customer_50
2023-08-01,Product_7,3,75.54296149397663,Customer_55
2023-04-15,Product_6,10,23.619164539907832,Customer_57
2023-09-10,Product_8,4,15.550463652767117,Customer_86
2023-08-09,Product_8,9,52.44219899060088,Customer_27
2023-05-28,Product_9,6,82.30547595121979,Customer_8
2023-12-09,Product_4,4,70.10059164042903,Customer_4
2023-09-21,Product_8,5,40.07861467891753,Customer_13
2023-06-18,Product_7,1,98.22454047531036,Customer_69
2023-01-11,Product_7,3,66.84872517429187,Customer_41
2023-04-26,Product_4,6,31.931215447476077,Customer_2
2023-01-17,Product_4,2,77.84092718570827,Customer_46
2023-11-13,Product_9,5,98.49128161962096,Customer_75
2023-05-08,Product_7,10,17.210104148053695,Customer_59
2023-05-26,Product_9,6,35.116301707219904,Customer_42
2023-12-01,Product_9,5,69.04826166415992,Customer_54
2023-03-15,Product_4,9,27.461875379718496,Customer_31
2023-02-27,Product_8,2,60.54082218259269,Customer_10
2023-07-23,Product_10,4,20.346154243864483,Customer_24
2023-05-28,Product_1,10,34.53153976363272,Customer_27
2023-10-25,Product_5,5,37.93856845143263,Customer_80
2023-09-27,Product_7,1,99.49566910982914,Customer_90
2023-02-12,Product_8,4,90.59371383168362,Customer_98
2023-01-09,Product_7,4,90.26990097216898,Customer_25
2023-04-25,Product_9,9,14.264583068477407,Customer_90
2023-07-13,Product_8,5,92.47345161714202,Customer_98
2023-08-14,Product_4,6,98.61716954114017,Customer_8
2023-04-15,Product_8,4,77.38422436104553,Customer_96
2023-07-20,Product_3,9,93.37457279031229,Customer_26
2023-04-15,Product_8,4,40.164166447672685,Customer_100
2023-09-05,Product_3,4,94.00961712793571,Customer_91
2023-09-22,Product_7,10,11.314463398668122,Customer_36
2023-08-19,Product_2,2,11.186224500888676,Customer_86
2023-06-23,Product_7,2,33.93042232584395,Customer_27
2023-03-06,Product_10,7,23.917203672952482,Customer_65
2023-01-05,Product_7,10,62.87663420837993,Customer_51
2023-12-02,Product_4,3,69.26295559396345,Customer_97
2023-10-04,Product_4,1,78.89031827250338,Customer_85
2023-03-23,Product_5,4,25.29407568076126,Customer_22
2023-10-18,Product_6,4,48.380811325414015,Customer_79
2023-04-12,Product_10,2,21.24871732784816,Customer_1
2023-11-08,Product_1,6,46.78219082696824,Customer_13
2023-06-26,Product_9,10,11.13221748253774,Customer_21
2023-10-27,Product_7,4,24.28036776157527,Customer_16
2023-07-11,Product_4,10,17.709893334129013,Customer_25
2023-02-20,Product_9,6,56.62703091122125,Customer_72
2023-08-16,Product_4,6,11.118290311691956,Customer_43
2023-02-09,Product_7,6,54.40812316379337,Customer_36
2023-05-20,Product_4,10,65.72190369743836,Customer_96
2023-11-03,Product_3,9,47.38728391144037,Customer_100
2023-06-12,Product_3,10,27.798989794371046,Customer_27
2023-05-22,Product_8,10,62.09223742665993,Customer_69
2023-04-13,Product_5,8,92.98969139388085,Customer_46
2023-10-28,Product_3,5,71.8609172327443,Customer_73
2023-08-21,Product_1,7,40.50615424938866,Customer_81
2023-11-18,Product_4,8,50.45457298813002,Customer_18
2023-04-21,Product_7,3,94.08091186129634,Customer_14
2023-03-28,Product_2,8,45.196166663075914,Customer_54
2023-11-08,Product_7,10,47.1798647705253,Customer_33
2023-05-18,Product_9,3,70.73522046029024,Customer_28
2023-07-22,Product_6,6,90.71207332021217,Customer_6
2023-09-05,Product_9,4,82.38510091789234,Customer_51
2023-09-26,Product_5,8,23.745542304592632,Customer_25
2023-11-11,Product_8,6,48.50055520869285,Customer_34
2023-12-26,Product_1,7,82.29595237775472,Customer_54
2023-07-01,Product_6,3,77.79891482530535,Customer_81
2023-07-20,Product_9,9,45.89866312045481,Customer_92
2023-06-11,Product_1,4,36.52977750759402,Customer_80
2023-05-17,Product_8,2,25.71166784728845,Customer_99
2023-08-18,Product_7,7,68.73751468285536,Customer_97
2023-09-06,Product_10,7,58.30498380267164,Customer_98
2023-03-16,Product_3,2,97.98231236071273,Customer_55
2023-01-22,Product_1,9,99.78536442395963,Customer_21
2023-08-10,Product_8,5,41.86832136986936,Customer_39
2023-06-12,Product_8,6,55.23363233373675,Customer_33
2023-01-04,Product_2,10,90.28278666093507,Customer_14
2023-04-24,Product_3,1,93.96189456020048,Customer_19
2023-08-15,Product_10,3,65.91098380467346,Customer_3
2023-03-14,Product_5,4,51.74583684778243,Customer_93
2023-05-09,Product_1,4,68.11640051089586,Customer_66
2023-11-24,Product_8,4,17.768585052088874,Customer_8
2023-10-09,Product_9,3,51.37005189842008,Customer_96
2023-06-17,Product_10,6,38.620159458201215,Customer_3
2023-09-13,Product_7,7,19.3644672522448,Customer_30
2023-06-26,Product_5,5,25.147405950862606,Customer_10
2023-08-23,Product_4,4,35.2965101463694,Customer_20
2023-08-22,Product_8,5,49.96633618341053,Customer_46
2023-09-24,Product_1,6,35.69236152340628,Customer_7
2023-05-11,Product_1,3,49.07761072564719,Customer_86
2023-09-02,Product_9,5,57.83000964452908,Customer_100
2023-02-14,Product_10,10,17.940025666194437,Customer_81
2023-03-27,Product_10,5,57.94907786971738,Customer_4
2023-06-07,Product_3,7,84.65332029995689,Customer_12
2023-05-16,Product_4,7,23.241076602565254,Customer_44
2023-02-03,Product_4,4,31.25377261682916,Customer_12
2023-12-02,Product_7,1,83.81794677369615,Customer_57
2023-06-17,Product_10,9,13.445755200394718,Customer_93
2023-11-11,Product_2,3,75.15843488789788,Customer_17
2023-05-07,Product_8,4,69.82398316709393,Customer_97
2023-12-19,Product_4,3,56.35667455239749,Customer_54
2023-08-04,Product_9,3,14.313539415639314,Customer_80
2023-01-04,Product_4,8,42.80377144574988,Customer_97
2023-08-23,Product_5,10,49.14946731579953,Customer_20
2023-07-23,Product_5,9,54.89885276198229,Customer_77
2023-11-04,Product_3,9,93.79245535334748,Customer_48
2023-11-28,Product_5,7,70.94216963345818,Customer_49
2023-02-01,Product_1,4,33.29407734516427,Customer_37
2023-01-05,Product_1,4,70.42045538065679,Customer_19
2023-01-06,Product_8,6,43.29874660834867,Customer_8
2023-09-25,Product_6,4,79.63517472871592,Customer_59
2023-01-16,Product_7,10,38.85860000510489,Customer_91
2023-08-12,Product_10,7,74.57315385899835,Customer_19
2023-10-15,Product_6,6,83.2348861623448,Customer_20
2023-02-22,Product_6,4,15.93721141615237,Customer_9
2023-12-26,Product_5,4,36.295282584427724,Customer_11
2023-03-11,Product_9,6,39.05382086806016,Customer_64
2023-08-13,Product_5,8,24.729907741720552,Customer_28
2023-10-17,Product_4,3,37.019154638721595,Customer_52
2023-05-14,Product_8,10,27.551008872046012,Customer_92
2023-01-13,Product_9,6,81.69848498997604,Customer_65
2023-10-06,Product_6,2,71.57172438137309,Customer_72
2023-12-02,Product_2,3,17.8585878139084,Customer_86
2023-06-20,Product_9,9,66.19832090694635,Customer_44
2023-05-18,Product_5,4,71.50081184536198,Customer_16
2023-02-14,Product_5,7,14.626551997081453,Customer_78
2023-10-04,Product_3,1,79.40706418994388,Customer_69
2023-02-16,Product_3,7,21.23615201329715,Customer_53
2023-05-07,Product_2,7,39.152429114673254,Customer_68
2023-06-25,Product_4,7,87.39909111188909,Customer_33
2023-07-27,Product_2,8,89.02254909112794,Customer_30
2023-07-26,Product_3,2,67.61971742289512,Customer_31
2023-09-24,Product_7,3,84.2211709100548,Customer_78
2023-05-01,Product_7,1,63.668629344740495,Customer_17
2023-08-05,Product_1,2,30.649714470521758,Customer_78
2023-08-02,Product_2,10,60.1820335289649,Customer_61
2023-03-10,Product_7,6,93.96633336111194,Customer_68
2023-12-11,Product_6,1,54.41116889481656,Customer_80
2023-09-05,Product_6,9,24.368400807279,Customer_93
2023-09-19,Product_6,1,68.4673670602931,Customer_48
2023-04-21,Product_10,3,54.990207907972554,Customer_9
2023-12-04,Product_1,2,41.067877190402235,Customer_79
2023-06-08,Product_1,4,43.225498401554134,Customer_16
2023-07-27,Product_1,1,76.10480392536469,Customer_54
2023-10-01,Product_1,2,12.844096952570158,Customer_71
2023-01-12,Product_3,4,25.992224986293426,Customer_85
2023-02-23,Product_3,5,59.738810762623075,Customer_69
2023-12-12,Product_7,1,43.030865975630114,Customer_61
2023-03-12,Product_5,1,49.260910475396,Customer_17
2023-10-05,Product_8,6,29.034957935958232,Customer_32
2023-02-09,Product_8,7,19.776445016479762,Customer_12
2023-11-09,Product_5,3,78.23249442231094,Customer_16
2023-02-13,Product_5,5,12.012924225569428,Customer_83
2023-02-14,Product_2,2,15.647945334529851,Customer_2
2023-08-12,Product_9,6,24.613758862345122,Customer_19
2023-04-24,Product_10,1,24.994100327421137,Customer_40
2023-06-02,Product_4,7,41.403014860211464,Customer_95
2023-02-19,Product_4,6,92.91069061016012,Customer_57
2023-03-03,Product_2,6,83.33125802564889,Customer_76
2023-04-05,Product_10,7,79.84718493343193,Customer_28
2023-07-11,Product_8,7,68.55864838120434,Customer_95
2023-09-07,Product_6,8,53.53634629924475,Customer_53
2023-09-22,Product_10,6,23.553483367712985,Customer_60
2023-11-23,Product_8,2,70.23899126241785,Customer_46
2023-10-11,Product_5,8,90.08545905291645,Customer_61
2023-05-06,Product_3,7,13.508892279048828,Customer_19
2023-04-27,Product_9,6,59.84797253004587,Customer_91
2023-05-18,Product_9,3,92.66103248749096,Customer_81
2023-02-09,Product_5,3,21.831308340486533,Customer_50
2023-01-25,Product_8,6,59.465565863059275,Customer_89
2023-06-19,Product_10,9,88.01605267916639,Customer_34
2023-05-13,Product_7,9,36.45966474448821,Customer_98
2023-03-18,Product_1,9,22.796794872281552,Customer_63
2023-05-03,Product_8,1,43.556665039929996,Customer_95
2023-05-22,Product_6,9,97.6873414371682,Customer_45
2023-04-07,Product_7,2,69.87228197492516,Customer_98
2023-03-11,Product_8,7,96.46997305838967,Customer_6
2023-01-09,Product_1,3,14.345040998875593,Customer_100
2023-05-19,Product_5,7,44.4669551944487,Customer_71
2023-05-28,Product_1,2,22.11645853536099,Customer_49
2023-01-10,Product_10,8,52.2488933327863,Customer_82
2023-01-05,Product_6,2,40.6213342125508,Customer_36
2023-04-20,Product_10,5,94.16739074215258,Customer_3
2023-12-17,Product_4,2,14.432216884423418,Customer_45
2023-08-17,Product_10,1,48.155773995204086,Customer_48
2023-06-06,Product_8,10,69.68066115329881,Customer_24
2023-03-03,Product_3,9,58.54222498254477,Customer_13
2023-05-12,Product_4,4,33.354249180313076,Customer_22
2023-05-19,Product_4,2,29.903841772799566,Customer_83
2023-01-06,Product_5,1,52.90930145349586,Customer_74
2023-04-21,Product_7,2,15.832190901471987,Customer_16
2023-09-24,Product_1,7,50.772306657223375,Customer_39
2023-03-19,Product_9,6,85.29996809360252,Customer_44
2023-01-08,Product_7,6,83.03361433392828,Customer_14
2023-08-15,Product_1,6,19.046246081302964,Customer_18
2023-10-07,Product_5,8,20.792526696700012,Customer_85
2023-09-02,Product_7,3,98.1904595746233,Customer_28
2023-10-19,Product_5,9,74.99390710002473,Customer_1
2023-12-25,Product_7,7,36.71437510515008,Customer_51
2023-04-25,Product_4,6,17.383404956591775,Customer_76
2023-09-25,Product_5,8,89.11841371139754,Customer_69
2023-05-25,Product_2,8,12.952898171858463,Customer_50
2023-04-10,Product_1,3,28.45772619854737,Customer_55
2023-01-03,Product_3,4,11.994487973055586,Customer_51
2023-01-14,Product_6,8,43.409248980709435,Customer_46
2023-08-11,Product_6,10,85.52941441298162,Customer_57
2023-10-02,Product_10,3,86.13132352431367,Customer_30
2023-06-27,Product_5,8,22.96471037985104,Customer_8
2023-02-15,Product_9,1,14.265297054378438,Customer_66
2023-02-23,Product_6,6,76.85911336784659,Customer_94
2023-12-23,Product_4,1,69.10059724830674,Customer_8
2023-12-26,Product_9,7,72.8951093867735,Customer_79
2023-05-15,Product_1,8,43.48872884568174,Customer_88
2023-03-03,Product_10,3,96.53504438213048,Customer_78
2023-12-19,Product_1,5,76.95249385072277,Customer_43
2023-07-17,Product_2,1,86.41669197412331,Customer_60
2023-01-18,Product_9,2,85.64931380234056,Customer_16
2023-05-24,Product_7,10,54.02100515443236,Customer_33
2023-10-18,Product_3,6,66.39540199511806,Customer_76
2023-07-25,Product_1,8,89.33490028111041,Customer_1
2023-07-25,Product_5,8,65.12391825697955,Customer_30
2023-09-09,Product_2,9,91.65967657166382,Customer_25
2023-05-09,Product_7,1,43.08969020858894,Customer_47
2023-01-05,Product_1,2,95.22238810052202,Customer_97
2023-07-10,Product_7,10,27.076894447365422,Customer_79
2023-05-15,Product_9,6,47.959893861783996,Customer_71
2023-12-12,Product_8,4,59.501174158618305,Customer_64
2023-06-24,Product_5,1,56.663403802908476,Customer_63
2023-09-27,Product_5,7,78.40776745432129,Customer_9
2023-02-26,Product_9,1,14.63337298930294,Customer_60
2023-02-11,Product_7,3,64.37290051597813,Customer_99
2023-08-27,Product_4,4,79.13599139852401,Customer_70
2023-10-16,Product_5,3,69.93296881458122,Customer_50
2023-12-06,Product_4,8,59.95415512543771,Customer_100
2023-12-17,Product_10,6,54.10507588776385,Customer_66
2023-09-07,Product_10,5,19.54361114588047,Customer_41
2023-07-27,Product_2,7,72.18983543899543,Customer_10
2023-02-01,Product_6,2,89.32806781176265,Customer_48
2023-06-26,Product_8,3,12.816872610008545,Customer_73
2023-01-27,Product_1,7,55.107029717996404,Customer_84
2023-04-20,Product_9,3,43.45095069074611,Customer_99
2023-05-06,Product_3,1,67.1891717337721,Customer_96
2023-12-24,Product_7,4,24.927651094809704,Customer_25
2023-02-09,Product_5,3,85.1803910986995,Customer_72
2023-03-03,Product_4,8,36.09060049028144,Customer_40
2023-08-26,Product_6,3,46.0372546267109,Customer_93
2023-03-23,Product_7,7,11.287623586984488,Customer_11
2023-12-27,Product_1,8,71.15083939852062,Customer_6
2023-08-11,Product_3,10,28.162175147017386,Customer_54
2023-04-20,Product_3,2,29.24627557354093,Customer_18
2023-12-25,Product_7,9,29.883107224505146,Customer_16
2023-02-15,Product_2,3,90.14686754688391,Customer_61
2023-03-25,Product_8,10,25.642738107315004,Customer_86
2023-11-08,Product_3,8,13.586573788163554,Customer_59
2023-12-13,Product_4,6,18.151292893186895,Customer_85
2023-09-21,Product_5,3,14.92835248237025,Customer_22
2023-03-12,Product_9,10,33.11497193455712,Customer_19
2023-09-19,Product_3,1,17.417659628984453,Customer_58
2023-06-05,Product_8,4,77.2445630276431,Customer_74
2023-02-28,Product_1,1,55.864227867684804,Customer_56
2023-11-20,Product_4,2,46.03699955189215,Customer_64
2023-12-25,Product_2,1,75.64827346865414,Customer_63
2023-04-06,Product_1,8,90.22768083795354,Customer_100
2023-02-03,Product_8,9,60.512274207961084,Customer_65
2023-12-28,Product_8,6,57.07883591132971,Customer_11
2023-06-27,Product_5,7,21.60992535809607,Customer_59
2023-11-16,Product_10,6,18.546060478251,Customer_62
2023-04-05,Product_9,1,20.9425123899143,Customer_44
2023-03-16,Product_7,7,16.29286432145905,Customer_44
2023-03-18,Product_8,1,78.63522578858455,Customer_82
2023-05-08,Product_2,1,98.30150077968442,Customer_63
2023-05-21,Product_6,3,51.41835132065809,Customer_51
2023-08-18,Product_2,4,34.5519923828345,Customer_32
2023-08-28,Product_3,2,92.36589295175227,Customer_80
2023-07-26,Product_9,6,38.74936063400608,Customer_24
2023-05-20,Product_3,4,77.59570899101172,Customer_62
2023-01-17,Product_5,6,65.20159221911132,Customer_26
2023-01-18,Product_7,2,86.37141267716366,Customer_58
2023-02-01,Product_6,10,54.388332791679794,Customer_44
2023-09-24,Product_3,1,15.171086252286827,Customer_53
2023-12-15,Product_4,1,87.29506169153986,Customer_56
2023-06-17,Product_7,7,80.00238955568291,Customer_87
2023-01-26,Product_10,1,39.53974065305361,Customer_65
2023-10-17,Product_5,7,67.707848161333,Customer_63
2023-02-03,Product_7,4,58.29018770787159,Customer_80
2023-03-02,Product_4,2,77.51288355977404,Customer_78
2023-02-16,Product_5,7,30.118452474744025,Customer_16
2023-02-24,Product_1,9,90.62878148077327,Customer_74
2023-03-15,Product_1,8,62.924370429175454,Customer_58
2023-11-28,Product_5,6,46.46555367124988,Customer_39
2023-04-15,Product_9,5,60.7216459174213,Customer_20
2023-11-06,Product_8,10,32.35746311657611,Customer_9
2023-12-05,Product_4,5,58.28907647156567,Customer_76
2023-10-08,Product_6,3,44.69847685402021,Customer_50
2023-05-26,Product_3,5,89.73191060054663,Customer_3
2023-12-17,Product_4,9,12.986513060818538,Customer_16
2023-09-28,Product_7,7,52.223779283817876,Customer_85
2023-09-17,Product_4,9,53.62809108560833,Customer_60
2023-04-09,Product_2,1,64.53913135228521,Customer_60
2023-05-01,Product_7,4,42.436441844607714,Customer_20
2023-10-04,Product_4,10,73.76371008387719,Customer_62
2023-05-15,Product_9,6,69.92558336120814,Customer_31
2023-09-03,Product_2,5,35.69236252970755,Customer_73
2023-10-10,Product_8,7,21.599934807724097,Customer_56
2023-09-16,Product_1,5,32.209660039315175,Customer_6
2023-12-28,Product_1,6,94.41107603593403,Customer_91
2023-06-20,Product_2,7,19.924697586607685,Customer_27
2023-04-26,Product_6,7,32.67215696665887,Customer_38
2023-07-24,Product_7,6,12.229873338733656,Customer_51
2023-11-23,Product_3,1,14.850931822159263,Customer_37
2023-06-19,Product_2,1,34.237212179075016,Customer_20
2023-12-27,Product_2,8,42.17212604255281,Customer_39
2023-06-28,Product_6,1,25.005498270452627,Customer_35
2023-04-11,Product_6,5,42.809714847235796,Customer_15
2023-05-15,Product_3,2,10.690424512736996,Customer_60
2023-12-02,Product_7,9,66.48308028755837,Customer_73
2023-04-28,Product_10,3,98.6790433834896,Customer_97
2023-09-22,Product_6,8,75.00685410693622,Customer_95
2023-03-15,Product_2,9,39.42038247083868,Customer_92
2023-09-20,Product_6,3,57.635693741231435,Customer_3
2023-04-23,Product_5,4,26.40992249785289,Customer_78
2023-01-04,Product_4,4,57.61622736468476,Customer_50
2023-10-14,Product_1,2,25.952954252522957,Customer_73
2023-12-24,Product_9,8,52.31765765827881,Customer_43
2023-06-12,Product_2,10,78.2810184759389,Customer_81
2023-03-11,Product_7,9,32.876652800521946,Customer_65
2023-04-10,Product_9,7,35.56769160897201,Customer_28
2023-06-25,Product_1,1,60.438433758211026,Customer_85
2023-02-04,Product_2,2,31.870002697439432,Customer_70
2023-11-17,Product_3,8,66.65074164990972,Customer_100
2023-12-04,Product_5,10,56.08633553378782,Customer_73
2023-10-05,Product_4,1,60.86085743501468,Customer_9
2023-06-15,Product_5,2,39.93047186151701,Customer_88
2023-09-03,Product_3,7,34.96273192178972,Customer_33
2023-04-25,Product_9,6,15.376557109232744,Customer_31
2023-10-16,Product_6,9,38.112592266197424,Customer_36
2023-07-04,Product_7,4,34.87019939217136,Customer_100
2023-03-25,Product_6,1,29.195793600414355,Customer_3
2023-10-16,Product_7,4,39.79851355158367,Customer_37
2023-11-22,Product_8,10,40.52917638170091,Customer_61
2023-10-03,Product_9,8,70.87884168681035,Customer_62
2023-06-27,Product_10,2,79.65938298062663,Customer_95
2023-06-16,Product_7,7,78.22112026036504,Customer_83
2023-02-01,Product_5,4,80.26116605277707,Customer_12
2023-09-15,Product_9,3,44.695353841402884,Customer_97
2023-08-23,Product_7,9,94.18392417800264,Customer_99
2023-08-24,Product_6,4,91.48435514808901,Customer_78
2023-10-06,Product_2,1,43.64408006986193,Customer_78
2023-03-01,Product_7,1,60.626115522948695,Customer_48
2023-03-10,Product_9,10,25.144100472155337,Customer_64
2023-10-23,Product_4,9,27.92406126522764,Customer_11
2023-06-17,Product_1,5,67.85936552743252,Customer_24
2023-11-05,Product_5,7,51.111409124760144,Customer_50
2023-04-14,Product_7,8,20.320715236658263,Customer_86
2023-01-28,Product_8,9,71.18252552332919,Customer_34
2023-11-11,Product_9,1,81.64510199132978,Customer_27
2023-11-09,Product_10,1,74.13772735728618,Customer_71
2023-07-20,Product_2,6,11.628724399079385,Customer_4
2023-02-24,Product_1,2,19.130471255848732,Customer_38
2023-12-15,Product_2,4,68.40226058502856,Customer_61
2023-04-26,Product_10,9,79.11757799259192,Customer_46
2023-09-26,Product_4,2,95.21408961778582,Customer_39
2023-03-18,Product_9,6,90.95994263123856,Customer_72
2023-03-11,Product_2,3,52.50615605692975,Customer_31
2023-05-01,Product_9,7,99.28203245909732,Customer_55
2023-02-28,Product_7,3,23.86586035313685,Customer_85
2023-10-24,Product_7,5,80.96244285867617,Customer_87
2023-09-02,Product_3,8,10.651291532495243,Customer_82
2023-09-25,Product_6,3,79.61733522248714,Customer_30
2023-12-08,Product_6,3,14.796235492884188,Customer_51
2023-02-18,Product_9,6,27.33733781548851,Customer_67
2023-06-03,Product_5,8,96.55604221781776,Customer_24
2023-12-12,Product_5,2,43.3504839770202,Customer_9
2023-03-18,Product_1,4,81.72174979046855,Customer_92
2023-05-28,Product_5,8,79.30183608022516,Customer_45
2023-01-11,Product_6,4,75.6361633086886,Customer_64
2023-05-06,Product_9,1,53.11227598908882,Customer_34
2023-02-03,Product_1,5,86.28171606833918,Customer_88
2023-02-01,Product_3,7,65.18308589942566,Customer_17
2023-03-27,Product_8,9,75.23619109123618,Customer_50
2023-04-16,Product_1,5,73.9690883026416,Customer_72
2023-08-10,Product_3,5,49.356699000668925,Customer_55
2023-10-11,Product_6,1,27.977429719772,Customer_22
2023-06-09,Product_10,5,59.44370829302605,Customer_18
2023-03-27,Product_1,4,26.968381607802936,Customer_31
2023-11-09,Product_5,3,72.7745752718825,Customer_70
2023-04-26,Product_5,5,57.6069377926176,Customer_11
2023-12-03,Product_9,10,81.41278812552787,Customer_31
2023-12-07,Product_9,8,16.73300572364737,Customer_37
2023-08-20,Product_5,9,74.60984907464965,Customer_85
2023-12-19,Product_5,7,84.95927586765133,Customer_76
2023-12-02,Product_1,1,31.26452568981882,Customer_14
2023-11-05,Product_4,2,73.93156998308339,Customer_43
2023-04-09,Product_10,6,80.62177592622838,Customer_71
2023-07-01,Product_2,4,32.54891795926389,Customer_49
2023-08-22,Product_7,7,93.3222850756879,Customer_56
2023-09-05,Product_2,2,23.580263272252175,Customer_46
2023-08-17,Product_2,7,50.539758649408604,Customer_74
2023-05-18,Product_3,6,69.88626360334612,Customer_87
2023-12-16,Product_2,10,63.632738330147546,Customer_92
2023-08-23,Product_2,10,54.915018808315395,Customer_67
2023-06-09,Product_8,8,58.955449977494844,Customer_9
2023-10-08,Product_1,7,65.44595255316219,Customer_28
2023-07-15,Product_5,3,50.74683932779928,Customer_2
2023-11-07,Product_6,8,34.464979266400135,Customer_23
2023-02-13,Product_6,8,65.93650368889237,Customer_11
2023-08-06,Product_6,4,36.49564837620919,Customer_21
2023-12-16,Product_6,7,84.2266271365433,Customer_2
2023-03-06,Product_1,1,85.43781986651146,Customer_71
2023-02-11,Product_6,8,64.57444918192313,Customer_69
2023-08-10,Product_5,2,23.772630951858524,Customer_76
2023-01-15,Product_5,8,78.06853339266381,Customer_39
2023-04-16,Product_7,5,71.88146843382268,Customer_6
2023-11-27,Product_4,8,85.65194932591304,Customer_52
2023-04-21,Product_3,2,40.8497722121583,Customer_94
2023-09-10,Product_5,9,81.91380811033827,Customer_72
2023-07-15,Product_9,10,72.74323563801586,Customer_40
2023-07-01,Product_10,3,59.04547036990697,Customer_12
2023-06-03,Product_6,8,44.7810780615958,Customer_30
2023-01-15,Product_3,1,34.32374539979488,Customer_12
2023-11-16,Product_1,7,16.187651820522643,Customer_73
2023-07-05,Product_8,6,56.350877730110355,Customer_79
2023-12-02,Product_9,3,70.89419050493976,Customer_40
2023-05-21,Product_1,7,90.32898029717451,Customer_96
2023-01-17,Product_6,4,81.64673058577245,Customer_27
2023-09-20,Product_2,1,51.232171533703394,Customer_33
2023-12-06,Product_9,6,40.06792268122137,Customer_12
2023-06-10,Product_2,6,11.021173277157397,Customer_21
2023-02-20,Product_5,9,50.472946632835225,Customer_97
2023-08-13,Product_5,9,31.059822372716347,Customer_30
2023-09-07,Product_10,10,53.66394756291301,Customer_49
2023-09-18,Product_10,4,18.604338120122264,Customer_78
2023-12-28,Product_4,4,83.75321343060632,Customer_57
2023-12-13,Product_3,6,50.645911594698326,Customer_1
2023-02-15,Product_7,8,94.14101636418621,Customer_76
2023-06-06,Product_1,7,76.12895389858558,Customer_50
2023-07-22,Product_2,4,42.4839346852662,Customer_66
2023-10-14,Product_8,1,54.532909855044664,Customer_50
2023-02-10,Product_3,8,12.551587907544793,Customer_74
2023-01-14,Product_7,9,36.53838771532363,Customer_57
2023-08-20,Product_3,2,59.614368568644906,Customer_99
2023-08-03,Product_2,7,35.70684998518243,Customer_72
2023-11-27,Product_7,2,17.60573972444569,Customer_23
2023-09-25,Product_9,7,85.39922083930418,Customer_37
2023-12-09,Product_7,8,45.45767885280322,Customer_28
2023-07-21,Product_2,1,29.794246598477596,Customer_92
2023-05-14,Product_2,8,19.04449313436332,Customer_39
2023-07-09,Product_10,10,17.815925603933977,Customer_98
2023-02-04,Product_3,10,27.033111782399043,Customer_4
2023-01-15,Product_4,4,47.45830840012047,Customer_89
2023-09-27,Product_4,9,47.550134188585325,Customer_77
2023-12-03,Product_3,1,51.947966178153735,Customer_21
2023-09-05,Product_7,9,63.310710342348166,Customer_42
2023-04-02,Product_8,9,53.246695310143615,Customer_88
2023-03-12,Product_4,9,10.616614606050462,Customer_92
2023-04-11,Product_8,5,26.918287650044956,Customer_6
2023-06-13,Product_5,6,39.76735229612663,Customer_9
2023-12-20,Product_2,2,39.16999328206716,Customer_74
2023-04-15,Product_1,4,67.32943449331981,Customer_87
2023-01-06,Product_2,2,16.965593180576413,Customer_64
2023-08-23,Product_6,9,21.112641930844497,Customer_93
2023-12-03,Product_9,10,49.13373504166776,Customer_50
2023-09-01,Product_4,2,87.91201448624724,Customer_15
2023-11-10,Product_10,8,17.091111383873496,Customer_43
2023-06-22,Product_3,8,68.43828220892365,Customer_39
2023-05-18,Product_3,2,33.73080600739415,Customer_39
2023-04-09,Product_9,6,35.8508140342436,Customer_74
2023-09-19,Product_9,5,67.6294855422939,Customer_17
2023-03-09,Product_2,7,31.927397096090694,Customer_27
2023-10-09,Product_3,9,66.82118632441313,Customer_11
2023-07-07,Product_9,10,94.89309685975493,Customer_36
2023-07-12,Product_4,6,54.05117568853342,Customer_100
2023-10-26,Product_8,4,73.26887712270175,Customer_81
2023-09-27,Product_2,10,60.657960820310635,Customer_75
2023-10-06,Product_9,10,68.04249308120086,Customer_35
2023-12-14,Product_6,4,77.63211170526172,Customer_86
2023-05-13,Product_6,7,69.50326406837092,Customer_82
2023-09-04,Product_7,4,81.34171676960428,Customer_20
2023-04-23,Product_4,4,93.68713111132328,Customer_26
2023-03-01,Product_1,9,77.62643550663537,Customer_6
2023-11-09,Product_6,5,89.1190740403798,Customer_79
2023-09-20,Product_1,10,72.53618167056358,Customer_5
2023-11-27,Product_8,6,15.571061230261698,Customer_29
2023-12-03,Product_8,2,89.56944289534569,Customer_21
2023-09-10,Product_8,4,22.52242638601989,Customer_59
2023-03-12,Product_3,4,24.963326393782705,Customer_37
2023-07-10,Product_1,8,51.265013173306606,Customer_54
2023-09-26,Product_8,10,95.4212414627665,Customer_9
2023-01-16,Product_3,5,20.876740707863913,Customer_79
2023-08-14,Product_6,3,43.413153695317426,Customer_55
2023-03-01,Product_7,10,29.055816404922858,Customer_19
2023-06-13,Product_2,2,58.2174763461473,Customer_23
2023-06-27,Product_1,7,48.91498827353059,Customer_3
2023-05-07,Product_10,7,50.89182467559553,Customer_57
2023-03-22,Product_7,10,55.26667490506395,Customer_44
2023-05-04,Product_4,9,18.754739154731787,Customer_18
2023-09-26,Product_9,7,20.947101951490314,Customer_61
2023-07-03,Product_3,9,58.08063836995083,Customer_89
2023-05-02,Product_1,10,54.85826563005398,Customer_43
2023-12-07,Product_5,10,81.97352618096495,Customer_89
2023-01-22,Product_10,4,48.40006256969874,Customer_52
2023-11-17,Product_9,7,67.87185847273513,Customer_7
2023-09-22,Product_3,3,67.02826355651831,Customer_69
2023-09-12,Product_10,5,89.04554423325065,Customer_80
2023-03-21,Product_8,5,68.52953921205321,Customer_52
2023-01-20,Product_5,7,86.23127945273455,Customer_54
2023-10-26,Product_2,9,83.29917825820965,Customer_10
2023-11-12,Product_8,2,54.97069502966527,Customer_97
2023-01-15,Product_3,3,41.9527922989012,Customer_43
2023-07-08,Product_7,10,17.785051608340645,Customer_92
2023-04-16,Product_5,10,83.44912117476898,Customer_20
2023-11-15,Product_1,8,87.0202283845634,Customer_6
2023-03-15,Product_3,10,95.22805748534759,Customer_97
2023-01-23,Product_6,1,25.83839716416159,Customer_26
2023-10-02,Product_1,7,35.93430124351258,Customer_36
2023-07-05,Product_4,2,48.241330031313645,Customer_62
2023-11-18,Product_3,3,33.58646075889082,Customer_12
2023-04-21,Product_9,1,74.21169421878106,Customer_75
2023-07-19,Product_2,8,92.32108057268206,Customer_1
2023-03-08,Product_3,3,28.908170641479597,Customer_33
2023-02-24,Product_9,8,80.98606796451621,Customer_5
2023-09-19,Product_7,9,96.43706651266383,Customer_23
2023-05-15,Product_5,9,77.10214065009309,Customer_75
2023-11-20,Product_5,4,60.595866935102656,Customer_89
2023-11-23,Product_7,8,75.17628417452346,Customer_71
2023-05-15,Product_6,9,74.60527049213432,Customer_4
2023-06-27,Product_1,3,22.17019753903688,Customer_60
2023-08-04,Product_8,9,16.513794871608805,Customer_70
2023-08-08,Product_3,7,21.553584745756204,Customer_25
2023-06-02,Product_9,3,54.903868948805844,Customer_30
2023-10-10,Product_9,2,21.716329551289775,Customer_25
2023-01-27,Product_3,4,98.02528409048745,Customer_99
2023-01-25,Product_10,8,22.438149106640175,Customer_98
2023-07-06,Product_9,5,63.93737882455174,Customer_43
2023-02-04,Product_3,5,94.07383962356565,Customer_76
2023-06-20,Product_7,3,67.0449819003347,Customer_84
2023-04-06,Product_4,4,65.22700196418083,Customer_25
2023-02-22,Product_7,6,69.44994840365246,Customer_9
2023-05-08,Product_2,2,87.70743887547879,Customer_42
2023-09-12,Product_1,4,16.3585491846286,Customer_8
2023-11-27,Product_10,2,72.34345945361179,Customer_93
2023-11-22,Product_7,3,48.50129504277607,Customer_74
2023-12-04,Product_5,2,40.20707363939518,Customer_26
2023-06-22,Product_2,3,23.502795278560413,Customer_89
2023-05-05,Product_4,2,88.40740952307011,Customer_77
2023-04-13,Product_6,5,21.107795824847372,Customer_54
2023-12-09,Product_7,9,61.503412733212286,Customer_34
2023-12-09,Product_4,4,62.786783379602035,Customer_98
2023-10-13,Product_3,9,43.20417154030499,Customer_44
2023-02-22,Product_5,10,88.89492358244257,Customer_8
2023-03-28,Product_3,10,84.04437777657085,Customer_72
2023-12-22,Product_1,8,28.805228095384592,Customer_54
2023-07-19,Product_5,7,38.78803306029157,Customer_91
2023-03-02,Product_5,6,32.656345620984865,Customer_55
2023-04-27,Product_9,2,57.04527973475301,Customer_92
2023-12-16,Product_9,10,99.98811004806716,Customer_47
2023-12-11,Product_8,2,90.81422171098458,Customer_36
2023-06-13,Product_8,3,26.89686935535772,Customer_71
2023-08-08,Product_1,8,54.82346102447258,Customer_90
2023-06-12,Product_5,2,30.86380124676931,Customer_5
2023-07-25,Product_7,1,80.21065298069156,Customer_9
2023-09-23,Product_8,2,47.03485106368935,Customer_7
2023-12-04,Product_10,9,29.428884057337825,Customer_76
2023-08-12,Product_6,10,89.55537050299226,Customer_63
2023-06-18,Product_2,2,69.71630013604994,Customer_21
2023-02-08,Product_2,4,83.66421739942291,Customer_56
2023-08-28,Product_10,10,49.780589614828195,Customer_93
2023-12-25,Product_3,6,98.18019035364378,Customer_17
2023-09-28,Product_8,4,96.00238338955904,Customer_5
2023-05-07,Product_9,6,18.63454753446735,Customer_84
2023-12-02,Product_2,7,99.71993314424098,Customer_76
2023-01-26,Product_6,3,79.45265739947577,Customer_21
2023-03-07,Product_9,10,43.8699104701838,Customer_52
2023-05-11,Product_7,7,74.70607667436195,Customer_17
2023-12-24,Product_9,4,84.61209918334609,Customer_36
2023-02-21,Product_5,7,92.47015439938558,Customer_18
2023-11-14,Product_9,5,39.612380406905686,Customer_82
2023-09-15,Product_8,2,88.19273226002808,Customer_17
2023-05-07,Product_8,10,79.67075598649265,Customer_66
2023-12-04,Product_5,6,22.401693217082514,Customer_54
2023-09-14,Product_5,5,23.598588008009937,Customer_18
2023-04-07,Product_5,10,35.63976368114462,Customer_1
2023-07-13,Product_10,2,32.90421647924211,Customer_14
2023-11-18,Product_10,5,75.80084019422328,Customer_54
2023-12-01,Product_2,1,60.7885591399937,Customer_28
2023-10-19,Product_8,4,62.670901605801895,Customer_60
2023-02-22,Product_9,2,57.720776978970086,Customer_91
2023-08-05,Product_6,9,64.45218931833783,Customer_24
2023-07-11,Product_1,6,41.91279383813419,Customer_78
2023-05-12,Product_2,1,45.621872307732545,Customer_12
2023-04-11,Product_9,1,89.44507641985993,Customer_76
2023-10-03,Product_5,6,56.532390937339876,Customer_32
2023-01-20,Product_4,2,61.68791937140176,Customer_99
2023-11-01,Product_2,2,72.50724947990969,Customer_86
2023-05-14,Product_8,3,42.377242827510706,Customer_21
2023-12-08,Product_5,10,22.69885263335727,Customer_61
2023-01-27,Product_2,8,57.342063572359564,Customer_60
2023-01-16,Product_1,7,23.60362663645797,Customer_53
2023-06-09,Product_1,2,60.91016852274752,Customer_52
2023-06-04,Product_1,9,91.20199208642453,Customer_25
2023-03-28,Product_8,4,54.087259761548026,Customer_37
2023-06-11,Product_2,7,30.866964321358292,Customer_99
2023-10-14,Product_2,4,85.40460353050442,Customer_88
2023-12-22,Product_9,4,12.359475443777374,Customer_82
2023-05-26,Product_7,5,73.97456465190388,Customer_61
2023-02-22,Product_2,7,54.1067379090797,Customer_37
2023-09-18,Product_7,8,35.35759051376086,Customer_6
2023-06-24,Product_7,9,79.5070166867701,Customer_16
2023-01-11,Product_2,8,55.3130774567836,Customer_20
2023-09-27,Product_6,1,53.34055192237496,Customer_93
2023-04-21,Product_6,6,56.32816496919488,Customer_47
2023-08-10,Product_9,2,21.504788815573157,Customer_93
2023-06-08,Product_4,3,34.58670347873881,Customer_68
2023-09-06,Product_1,5,32.542776063659986,Customer_10
2023-04-18,Product_7,2,94.64731688926675,Customer_16
2023-09-05,Product_6,3,25.238053483147148,Customer_96
2023-03-14,Product_10,4,74.56496704469801,Customer_61
2023-12-02,Product_7,5,86.41707250070323,Customer_3
2023-08-13,Product_9,10,74.39604258474085,Customer_1
2023-05-06,Product_8,2,29.081439222483148,Customer_2
2023-04-25,Product_1,9,32.569275627040234,Customer_65
2023-01-09,Product_10,3,63.996402730096364,Customer_39
2023-05-08,Product_5,2,40.2667623455644,Customer_8
2023-07-14,Product_5,10,83.76566518736036,Customer_90
2023-11-03,Product_9,4,35.0332754097748,Customer_16
2023-10-15,Product_9,3,95.73242158910277,Customer_95
2023-07-09,Product_4,5,55.136568588410064,Customer_98
2023-10-25,Product_10,4,41.514816254555114,Customer_65
2023-10-12,Product_5,3,29.163817578282416,Customer_17
2023-12-27,Product_2,4,51.855686267291304,Customer_77
2023-05-10,Product_5,5,44.08655695393804,Customer_40
2023-02-12,Product_5,3,75.62653453596155,Customer_42
2023-01-06,Product_2,1,18.25487782379662,Customer_56
2023-11-27,Product_7,2,53.080340241313436,Customer_39
2023-02-07,Product_4,5,60.82421481772111,Customer_82
2023-11-05,Product_4,8,48.418960644451644,Customer_52
2023-09-22,Product_8,2,72.97107553761958,Customer_71
2023-12-09,Product_5,10,94.73905143035454,Customer_52
2023-11-14,Product_9,8,19.645346274021556,Customer_98
2023-11-13,Product_2,2,24.37903504539395,Customer_45
2023-03-22,Product_5,3,16.345931756123186,Customer_22
2023-06-19,Product_3,3,89.25338523821075,Customer_92
2023-12-14,Product_6,4,70.16248542597589,Customer_26
2023-06-23,Product_10,2,36.34357761294288,Customer_12
2023-05-25,Product_10,10,97.47216444822418,Customer_32
2023-05-03,Product_2,6,55.60255887301373,Customer_75
2023-01-20,Product_1,3,81.53377609441685,Customer_97
2023-09-06,Product_7,3,41.14635271160161,Customer_79
2023-02-03,Product_1,2,35.85127903069154,Customer_25
2023-06-06,Product_3,10,94.07568824841661,Customer_18
2023-11-07,Product_4,3,39.63547949064502,Customer_35
2023-10-11,Product_5,1,54.90839031430852,Customer_9
2023-07-01,Product_5,3,67.0664346936367,Customer_37
2023-01-26,Product_6,8,46.48995538641569,Customer_72
2023-01-15,Product_10,6,57.9499669139456,Customer_57
2023-02-12,Product_4,1,70.20843071267811,Customer_38
2023-02-22,Product_9,9,91.82968405936427,Customer_29
2023-01-28,Product_9,5,92.74698069430953,Customer_6
2023-09-25,Product_8,10,40.58544244529697,Customer_84
2023-06-15,Product_6,8,11.513986114553873,Customer_12
2023-12-05,Product_1,1,86.13886498083265,Customer_34
2023-07-21,Product_5,1,37.324217265015925,Customer_45
2023-07-21,Product_7,4,44.40254713541216,Customer_79
2023-01-12,Product_3,4,13.539140422541088,Customer_92
2023-07-22,Product_9,9,46.670250014731096,Customer_27
2023-02-20,Product_3,7,48.99650694456489,Customer_32
2023-03-23,Product_6,4,46.729338033410166,Customer_86
2023-03-08,Product_3,7,15.566396155438676,Customer_24
2023-10-27,Product_4,1,77.48189702453723,Customer_48
2023-01-15,Product_6,5,57.85242395958738,Customer_31
2023-05-02,Product_4,9,43.44854225049595,Customer_62
2023-04-03,Product_4,10,96.49817137232601,Customer_10
2023-01-22,Product_7,4,13.91349131798783,Customer_83
2023-10-27,Product_9,3,63.454875377335036,Customer_30
2023-04-13,Product_9,3,92.260326970863,Customer_26
2023-07-22,Product_10,7,85.78934528076074,Customer_45
2023-04-01,Product_6,3,78.7330869052214,Customer_81
2023-02-13,Product_8,7,21.357224522514283,Customer_7
2023-11-05,Product_3,10,68.7809851898875,Customer_32
2023-02-17,Product_7,7,59.75735096234009,Customer_53
2023-03-24,Product_6,10,28.339797722375355,Customer_100
2023-09-21,Product_7,6,31.811746845640794,Customer_30
2023-09-08,Product_10,4,14.480677862520688,Customer_85
2023-11-26,Product_5,9,26.173214373190575,Customer_99
2023-07-15,Product_9,5,59.03053744947236,Customer_86
2023-01-13,Product_8,2,26.54049352101432,Customer_80
2023-07-17,Product_8,2,72.71457290403652,Customer_13
2023-08-14,Product_8,6,75.31625317829392,Customer_71
2023-10-07,Product_2,10,75.03066582620512,Customer_89
2023-07-01,Product_10,2,56.49956185571596,Customer_90
2023-12-07,Product_4,6,75.70115931705682,Customer_97
2023-05-12,Product_10,2,43.72024103753623,Customer_23
2023-05-15,Product_7,5,15.420147631852569,Customer_6
2023-03-20,Product_1,9,21.74054633093759,Customer_30
2023-02-27,Product_4,8,42.242292524980044,Customer_42
2023-12-24,Product_7,5,73.13856010237599,Customer_68
2023-07-25,Product_5,4,81.32296468077679,Customer_46
2023-06-03,Product_6,6,85.57100619751748,Customer_5
2023-12-04,Product_8,6,91.62524793113307,Customer_56
2023-08-21,Product_4,2,48.96040467067379,Customer_67
2023-11-27,Product_1,9,27.070261213653897,Customer_91
2023-06-16,Product_2,2,27.74633546764992,Customer_55
2023-03-15,Product_5,4,14.84610746015161,Customer_44
2023-05-13,Product_5,6,68.76616252396047,Customer_24
2023-06-18,Product_4,7,60.19906140828821,Customer_67
2023-12-18,Product_10,4,16.207789813061737,Customer_32
2023-12-04,Product_1,6,29.285257190100527,Customer_48
2023-11-27,Product_8,7,11.935414952204034,Customer_90
2023-06-03,Product_6,6,75.79982763594042,Customer_14
2023-02-10,Product_1,10,40.91541394163719,Customer_81
2023-05-11,Product_4,9,13.900029446591606,Customer_82
2023-04-15,Product_1,8,25.839367890154417,Customer_92
2023-07-09,Product_7,1,43.13441636086556,Customer_78
2023-07-06,Product_10,10,76.42727882733261,Customer_29
2023-01-19,Product_10,6,84.04746280846919,Customer_18
2023-09-16,Product_4,1,28.116990252685166,Customer_68
2023-08-16,Product_2,5,55.85792146362326,Customer_59
2023-06-08,Product_6,6,93.17650856544132,Customer_61
2023-04-28,Product_3,2,82.06661587795128,Customer_63
2023-04-06,Product_4,9,76.35159815003598,Customer_69
2023-03-16,Product_10,7,64.73111442615567,Customer_88
2023-02-01,Product_9,7,46.027486482961,Customer_38
2023-01-06,Product_4,1,91.80487511219282,Customer_16
2023-07-24,Product_1,10,67.1584264108829,Customer_34
2023-03-04,Product_3,8,14.223167980720282,Customer_61
2023-05-25,Product_9,3,56.82276601263284,Customer_64
2023-03-20,Product_7,10,85.69597539662382,Customer_74
2023-07-10,Product_8,8,95.992372230852,Customer_82
2023-12-13,Product_6,6,87.32379111376929,Customer_62
2023-01-05,Product_5,5,67.88080473380285,Customer_1
2023-01-21,Product_7,1,22.415716345485897,Customer_45
2023-06-24,Product_7,4,30.60473937316783,Customer_24
2023-03-06,Product_5,8,21.20338738989112,Customer_66
2023-04-15,Product_3,6,43.36759586541969,Customer_69
2023-12-08,Product_6,2,80.49698875370399,Customer_93
2023-09-04,Product_5,10,15.229468988918784,Customer_97
2023-03-20,Product_1,3,85.33406431963623,Customer_45
2023-09-21,Product_5,10,82.22424953489752,Customer_82
2023-12-02,Product_6,4,71.51286122750352,Customer_34
2023-10-06,Product_3,5,80.51731710083031,Customer_78
2023-11-11,Product_9,7,80.70578848684706,Customer_30
2023-04-03,Product_9,6,27.18247072028109,Customer_58
2023-08-12,Product_3,2,84.23160813580313,Customer_94
2023-03-10,Product_8,8,44.971119786377265,Customer_45
2023-09-22,Product_9,3,96.34167084396623,Customer_86
2023-04-14,Product_10,3,93.99349830582463,Customer_65
2023-10-13,Product_5,5,14.995171022397603,Customer_23
2023-01-16,Product_4,6,29.17071158130155,Customer_53
2023-11-02,Product_7,3,15.97075686676936,Customer_22
2023-01-03,Product_7,4,37.888165082023896,Customer_86
2023-08-06,Product_3,3,85.87625673966588,Customer_40
2023-04-01,Product_2,1,73.70866843910525,Customer_55
2023-10-28,Product_5,8,82.79550155499808,Customer_30
2023-06-23,Product_5,5,62.532803939485916,Customer_59
2023-08-07,Product_9,3,95.64771150927561,Customer_52
2023-06-06,Product_9,5,96.42830492810045,Customer_82
2023-12-01,Product_7,6,71.47244831369935,Customer_89
2023-04-23,Product_8,3,99.28394200845638,Customer_63
2023-06-27,Product_2,5,76.2432458592812,Customer_96
2023-02-25,Product_6,2,17.630310781116886,Customer_91
2023-02-13,Product_3,1,97.11405259980846,Customer_99
2023-06-22,Product_1,4,60.80804248514377,Customer_78
2023-02-18,Product_5,9,88.36619267712355,Customer_15
2023-03-06,Product_6,3,33.40225534671468,Customer_87
2023-08-20,Product_5,5,30.63877424064198,Customer_8
2023-03-02,Product_2,1,22.740353631805778,Customer_83
2023-10-05,Product_6,7,11.514664505153439,Customer_1
2023-07-12,Product_5,2,26.178008732673845,Customer_12
2023-02-12,Product_9,7,15.090900081961365,Customer_28
2023-09-28,Product_3,9,23.85535245871818,Customer_26
2023-12-28,Product_3,4,78.86899358480672,Customer_63
2023-10-05,Product_8,6,42.374072992675515,Customer_87
2023-01-02,Product_9,9,82.78504196131698,Customer_34
2023-08-01,Product_8,8,20.82421793520495,Customer_66
2023-12-12,Product_3,1,19.303116592344892,Customer_23
2023-01-01,Product_3,8,40.768822907111144,Customer_27
2023-05-25,Product_8,9,33.70554019473283,Customer_89
2023-04-15,Product_2,10,83.49608797432651,Customer_47
2023-04-24,Product_6,2,28.907545590723952,Customer_37
2023-12-23,Product_5,6,80.05001044462257,Customer_66
2023-01-04,Product_4,6,27.36272760933217,Customer_15
2023-06-25,Product_2,1,29.423350043111263,Customer_20
2023-07-12,Product_9,3,92.64133978232061,Customer_12
2023-07-04,Product_4,3,18.219775420905233,Customer_19
2023-12-10,Product_5,7,46.58233176237843,Customer_29
2023-11-20,Product_8,3,77.8888036042838,Customer_97
2023-11-19,Product_7,7,21.80946321185476,Customer_98
2023-12-23,Product_8,8,96.75741332667434,Customer_63
2023-12-21,Product_9,5,23.76610524282449,Customer_37
2023-09-13,Product_10,8,53.09036662158343,Customer_18
2023-04-02,Product_4,8,24.37213971831167,Customer_53
2023-05-22,Product_5,2,95.20462621463813,Customer_29
2023-12-05,Product_2,6,68.36767628923732,Customer_77
2023-08-04,Product_4,8,86.93872992979261,Customer_29
2023-05-27,Product_5,5,98.76174156344263,Customer_53
2023-12-02,Product_8,8,93.84984924322659,Customer_44
2023-03-04,Product_4,8,56.49080041437291,Customer_88
2023-06-08,Product_8,5,14.486670903998139,Customer_41
2023-12-16,Product_1,10,32.43292246073493,Customer_3
2023-02-08,Product_1,7,25.899800455424703,Customer_5
2023-09-18,Product_9,10,49.794970200602826,Customer_7
2023-12-08,Product_10,5,89.3725057747265,Customer_81
2023-10-05,Product_6,7,70.78738820201934,Customer_21
2023-09-13,Product_2,9,97.01452615958344,Customer_58
2023-05-02,Product_8,10,21.37585090247263,Customer_68
2023-07-09,Product_9,9,94.20689177567144,Customer_34
2023-12-09,Product_3,8,29.43340164113762,Customer_35
2023-07-27,Product_6,7,65.64715205352587,Customer_3
2023-04-07,Product_10,2,33.618274508241555,Customer_77
2023-08-07,Product_1,8,44.20113297284512,Customer_66
2023-01-14,Product_5,6,40.79815576361669,Customer_51
2023-02-03,Product_3,8,24.14292183362935,Customer_24
2023-10-19,Product_8,10,94.19733625263466,Customer_72
2023-10-08,Product_7,2,81.68169372439371,Customer_99
2023-07-25,Product_7,8,57.56367196374747,Customer_21
2023-10-13,Product_8,3,50.72632324342651,Customer_32
2023-05-18,Product_6,4,55.915534343002285,Customer_27
2023-09-23,Product_1,8,48.909144412062744,Customer_46
2023-03-25,Product_10,10,82.61125678186878,Customer_5
2023-02-22,Product_6,1,83.60548843012516,Customer_66
2023-11-02,Product_1,4,90.31847152343441,Customer_96
2023-02-22,Product_9,2,63.100268309411945,Customer_54
2023-10-10,Product_4,4,49.070610970325134,Customer_100
2023-10-04,Product_9,5,47.85313449068546,Customer_77
2023-04-03,Product_4,2,50.410231272601195,Customer_18
2023-01-03,Product_7,4,17.50639709273277,Customer_75
2023-01-28,Product_5,9,90.23817459578238,Customer_8
2023-10-28,Product_8,2,40.76033773937672,Customer_72
2023-07-16,Product_1,8,36.829480634099085,Customer_32
2023-07-28,Product_8,9,53.55678012156192,Customer_12
2023-08-25,Product_3,10,41.15307968882476,Customer_71
2023-01-24,Product_2,8,21.37262531980064,Customer_91
2023-02-01,Product_10,8,28.83816891794869,Customer_79
2023-03-03,Product_7,6,95.6621653078003,Customer_50
2023-07-03,Product_1,10,25.81606452818673,Customer_38
2023-06-12,Product_10,8,95.96712492064142,Customer_31
2023-01-08,Product_10,9,88.8117771129335,Customer_5
2023-11-16,Product_8,3,62.64536180229625,Customer_49
2023-04-05,Product_5,8,51.17457029700006,Customer_11
2023-09-14,Product_2,7,74.03214018794854,Customer_37
2023-05-26,Product_1,10,74.03975880883178,Customer_67
2023-04-22,Product_10,8,95.770173090937,Customer_98
2023-12-14,Product_1,9,97.68784790987722,Customer_67
2023-09-15,Product_5,10,93.43855858171239,Customer_12
2023-05-13,Product_7,6,70.25908751588862,Customer_90
2023-02-27,Product_8,8,94.37091843148846,Customer_39
2023-08-16,Product_6,2,41.56710209665073,Customer_24
2023-05-25,Product_6,5,12.777787729728765,Customer_46
2023-11-02,Product_8,8,13.604146513603899,Customer_94
2023-12-09,Product_9,2,28.62108664473827,Customer_8
2023-04-20,Product_2,6,19.231212626279575,Customer_96
2023-04-18,Product_4,7,85.88192714978551,Customer_88
2023-01-04,Product_10,2,55.08114483136616,Customer_33
2023-03-01,Product_10,9,13.585025672541578,Customer_49
2023-11-13,Product_10,7,90.41758279170286,Customer_64
2023-05-26,Product_9,9,54.47509143477155,Customer_2
2023-07-11,Product_1,8,27.009654816871446,Customer_48
2023-12-03,Product_7,5,88.4244988616434,Customer_4
2023-06-26,Product_10,7,40.2343145504847,Customer_28
2023-12-06,Product_6,5,98.19056032590774,Customer_53
2023-10-04,Product_6,3,30.63486364256365,Customer_71
2023-08-25,Product_6,2,52.19842332598412,Customer_11
2023-09-12,Product_2,1,93.23622994714088,Customer_14
2023-01-28,Product_8,4,96.99759122602143,Customer_23
2023-03-21,Product_2,3,71.35406686532244,Customer_27
2023-01-08,Product_2,1,32.130508655779224,Customer_6
2023-05-17,Product_2,3,60.74207144428033,Customer_63
2023-08-24,Product_6,6,22.926510330549846,Customer_99
2023-12-11,Product_7,9,28.7519760784939,Customer_16
2023-12-05,Product_7,8,40.98273307326409,Customer_50
2023-03-21,Product_9,4,95.61452512536697,Customer_31
2023-05-02,Product_7,1,88.8593424511271,Customer_78
2023-07-15,Product_6,4,70.02102062115509,Customer_25
2023-05-07,Product_3,2,61.53316882280268,Customer_60
2023-03-18,Product_6,2,32.67387121200944,Customer_15
2023-08-01,Product_1,9,83.4473941626792,Customer_30
2023-09-19,Product_3,1,59.1526938634223,Customer_52
2023-03-03,Product_1,6,62.960150752269776,Customer_37
2023-02-21,Product_6,4,11.760746086125259,Customer_1
2023-09-20,Product_5,5,32.80395840046233,Customer_71
2023-05-11,Product_5,9,29.529064728681576,Customer_2
2023-03-01,Product_4,6,35.869421648533596,Customer_96
2023-02-22,Product_5,4,49.71011523033516,Customer_56
2023-01-06,Product_6,7,23.288904528221025,Customer_10
2023-11-03,Product_7,3,99.53329836873564,Customer_47
2023-11-03,Product_1,10,78.92317678780476,Customer_57
2023-07-09,Product_1,10,64.83949571940067,Customer_87
2023-01-09,Product_10,1,71.2042518862367,Customer_75
2023-05-22,Product_9,3,74.1829321476858,Customer_29
2023-10-01,Product_4,9,86.82398896154386,Customer_66
2023-12-24,Product_3,10,70.02435147468634,Customer_44
2023-06-18,Product_10,9,20.288552250799285,Customer_75
2023-07-16,Product_4,4,26.8466343592394,Customer_9
2023-01-22,Product_10,2,95.42762780088181,Customer_18
2023-04-15,Product_8,4,49.11397812879597,Customer_79
2023-12-19,Product_9,8,84.58701191339473,Customer_68
2023-02-19,Product_1,5,34.78236337181261,Customer_100
2023-06-08,Product_6,2,13.082411452378954,Customer_51
2023-05-21,Product_7,3,60.690916068630486,Customer_79
2023-03-14,Product_8,5,90.67395189470447,Customer_56
2023-04-05,Product_10,4,95.54553616853431,Customer_5
2023-10-14,Product_1,1,56.472615552417516,Customer_2
2023-07-03,Product_1,9,65.9015861665111,Customer_15
2023-11-25,Product_10,1,82.86045773509393,Customer_76
2023-10-03,Product_2,8,42.16465161262506,Customer_30
2023-10-24,Product_6,5,92.85102717502512,Customer_50
2023-12-23,Product_9,8,14.868308667093942,Customer_12
2023-02-18,Product_3,3,67.43710811090753,Customer_33
2023-01-12,Product_1,1,24.38630288987393,Customer_65
2023-02-16,Product_4,4,19.24947773714024,Customer_73
2023-11-07,Product_5,4,18.09410048843614,Customer_66
2023-03-16,Product_2,4,56.76155313598627,Customer_70
2023-10-16,Product_7,1,76.99911864345566,Customer_71
2023-05-22,Product_4,5,89.01583208576511,Customer_13
2023-08-13,Product_7,8,59.8600845087049,Customer_49
2023-02-14,Product_5,3,82.5783928153561,Customer_58
2023-04-07,Product_5,10,22.913929457631664,Customer_8
2023-04-09,Product_8,7,99.03225833513218,Customer_20
2023-05-12,Product_9,10,89.57163634795933,Customer_23
2023-11-22,Product_1,8,32.82039250822871,Customer_19
2023-05-15,Product_2,3,60.19900842601453,Customer_36
2023-06-11,Product_6,1,75.15063018582906,Customer_44
2023-10-21,Product_10,8,47.23810674498529,Customer_86
2023-12-25,Product_4,5,14.219738317713189,Customer_15
2023-02-26,Product_10,3,78.08385354833055,Customer_17
2023-03-22,Product_2,4,28.797606793827946,Customer_48
2023-12-14,Product_2,10,77.92232541212519,Customer_45
2023-01-17,Product_10,8,32.419076238277185,Customer_93
2023-07-09,Product_9,5,56.016935304155474,Customer_65
2023-07-17,Product_2,8,60.420724440087916,Customer_50
2023-10-13,Product_8,5,68.54847348942187,Customer_67
2023-07-27,Product_4,5,90.7970800039528,Customer_32
2023-11-06,Product_1,10,62.094631370355586,Customer_8
2023-01-01,Product_2,6,32.745457602485885,Customer_79
2023-12-15,Product_4,2,91.00934416403156,Customer_98
2023-10-24,Product_9,10,42.23730311052495,Customer_36
2023-05-23,Product_10,8,34.05721126804066,Customer_85
